<Ui xmlns="http://www.blizzard.com/wow/ui/">
	<Script file="ackisRecipeList.lua"/>
	<Script file="aCP.lua"/>
	<Script file="advancedTradeSkillWindow.lua"/>
	<Script file="atlas.lua"/>
	<Script file="atlasLoot.lua"/>
	<Script file="auctionator.lua"/>
	<Script file="bindPad.lua"/>
	<Script file="blackList.lua"/>
	<Script file="bugSack.lua"/>
	<Script file="buyEmAll.lua"/>
	<Script file="callToArms.lua"/>
	<Script file="cartographer.lua"/>
	<Script file="cartographer3.lua"/>
	<Script file="clique.lua"/>
	<Script file="dbm.lua"/>
	<Script file="doom_CooldownPulse.lua"/>
	<Script file="EqCompare.lua"/>
	<Script file="Factionizer.lua"/>
	<Script file="fishingBuddy.lua"/>
	<Script file="flightMap.lua"/>
	<Script file="moveAnything.lua"/>
	<Script file="omen.lua"/>
	<Script file="outfitter.lua"/>
	<Script file="pab.lua"/>
	<Script file="pallyPower.lua"/>
	<Script file="postal.lua"/>
	<Script file="questGuru.lua"/>
	<Script file="questHelper.lua"/>
	<Script file="recount.lua"/>
	<Script file="Skillet.lua"/>
	<Script file="spy.lua"/>
	<Script file="talented.lua"/>
	<Script file="tellMeWhen.lua"/>
	<Script file="TinyBook.lua"/>
	<Script file="totemTimers.lua"/>
	<Script file="TrinketMenu.lua"/>
	<Script file="ZOMGBuffs.lua"/>
</Ui>