<Ui xmlns="http://www.blizzard.com/wow/ui/">
	<Include file="Blizzard\Load_Blizzard.xml"/>
	<Include file="Maps\Load_Maps.xml"/>
	<Include file="Misc\Load_Misc.xml"/>
	<Include file="Chat\Load_Chat.xml"/>
	<Include file="Tooltip\Load_Tooltip.xml"/>
	<Include file="Actionbars\Load_Actionbars.xml"/>
	<Include file="Watchframe\Load_Watchframe.xml"/>
	<Include file="Datatexts\Load_Datatexts.xml"/>
	<Include file="Nameplates\Load_Nameplates.xml"/>
	<Include file="Unitframes\Load_Unitframes.xml"/>
</Ui>
